paper_id,title,authors,author_affiliations,year,doi,venue_name,venue_type,venue_year,keywords,abstract,datasets_used,dataset_domains,methodology,methodology_category,cited_paper_ids,page_count,language,publisher,isbn_issn,pdf_filename,local_path,file_size_kb,scholar_url,date_added,notes
P001,A Relational Model of Data for Large Shared Data Banks,E. F. Codd,"IBM Research Laboratory, San Jose, California",1970,10.1145/362384.362685,Communications of the ACM,journal,1970,relational model; data banks; data independence; relational algebra; normal forms; database architecture,"Future users of large data banks must be protected from having to know how the data is organized in the machine. A model of data based on n-ary relations, a normal form for data base relations, and the concept of a universal data sublanguage are introduced. In contrast to existing tree-structured or network-structured models, the relational model provides a means of describing data with its natural structure only.",Synthetic Tree and Network Stores,synthetic data management,Mathematical Modeling; Conceptual Proof,Theoretical; Formal Analysis,,11,English,ACM,0001-0782,A Relational Model of Data for Large Shared Data Banks.pdf,data/A Relational Model of Data for Large Shared Data Banks.pdf,1241,https://scholar.google.com/scholar?q=A+Relational+Model+of+Data+for+Large+Shared+Data+Banks,2026-09-14,Foundational paper introducing the relational data model.
P002,System R: Relational Approach to Database Management,M. M. Astrahan; M. W. Blasgen; D. D. Chamberlin; K. P. Eswaran; J. N. Gray; P. P. Griffiths; W. F. King; R. A. Lorie; P. R. McJones; J. W. Mehl; G. R. Putzolu; I. L. Traiger; B. W. Wade; V. Watson,IBM Research Laboratory; IBM Research Laboratory; IBM Research Laboratory; IBM Research Laboratory; IBM Research Laboratory; IBM Research Laboratory; IBM Research Laboratory; IBM Research Laboratory; IBM Research Laboratory; IBM Research Laboratory; IBM Research Laboratory; IBM Research Laboratory; IBM Research Laboratory; IBM Research Laboratory,1976,10.1145/320455.320466,ACM Transactions on Database Systems,journal,1976,System R; relational DBMS; SQL; concurrency control; recovery subsystem; query compilation; locking,"System R is a database management system which provides a high level relational data interface. The system provides a high level of data independence by isolating the end user as much as possible from underlying storage structures. The system permits definition of a variety of relational views on common underlying data, authorization, integrity assertions, triggered transactions, logging, and recovery.",IBM Internal Benchmarks,enterprise transaction processing,System Implementation; Empirical Evaluation,Systems; Experimental,P001,41,English,ACM,0362-5915,System R Relational Approach to Database.pdf,data/System R Relational Approach to Database.pdf,3105,https://scholar.google.com/scholar?q=The+System+R+Relational+Database+Management+System,2026-09-14,First complete implementation of SQL and relational transaction management.
P003,Database System Implementation,Hector Garcia-Molina; Jeffrey D. Ullman; Jennifer Widom,Stanford University; Stanford University; Stanford University,2000,10.5555/556275,Prentice Hall,book,2000,database systems; query execution; query optimization; storage management; transaction processing; concurrency control,"Comprehensive treatment of the implementation of database management systems. Covers storage structures, index structures, query processing algorithms, query optimization strategies, transaction management, concurrency control via two-phase locking, recovery mechanisms, and information integration architectures.",Megatron 3000 Benchmark,educational database benchmarking,Pedagogical Synthesis; Systems Architecture,Architectural; Educational,P001;P002;P004;P006,16,English,Prentice Hall,0-13-040264-8,Database System Implementation Garcia-Molina Ullman Widom.pdf,data/Database System Implementation Garcia-Molina Ullman Widom.pdf,374,https://scholar.google.com/scholar?q=Database+System+Implementation+Garcia-Molina+Ullman+Widom,2026-09-14,Definitive reference work for relational DBMS engine internals.
P004,The Volcano Optimizer Generator: Extensibility and Efficient Search,Goetz Graefe; William J. McKenna,Portland State University; University of Colorado at Boulder,1993,10.1109/ICDE.1993.344061,IEEE International Conference on Data Engineering,conference,1993,query optimization; Volcano optimizer; extensible query evaluation; dynamic programming; rule-based optimization; physical algebra,"Emerging database application domains demand not only new functionality but also high performance. To satisfy these requirements, the Volcano project provides efficient, extensible tools for query and request processing. One of these tools is a new optimizer generator translating data model, logical algebra, physical algebra, and transformation rules into optimizer source code using directed dynamic programming.",Synthetic Relational Queries; Wisconsin Benchmark,query optimization benchmarking,Rule-Based Transformation; Dynamic Programming,Algorithmic; Systems,P001;P002;P005,10,English,IEEE,1063-6382,The Volcano Optimizer Generator Extensibility and Efficient Search.pdf,data/The Volcano Optimizer Generator Extensibility and Efficient Search.pdf,1228,https://scholar.google.com/scholar?q=The+Volcano+Optimizer+Generator+Extensibility+and+Efficient+Search,2026-09-14,Forms planted citation cycle P004 -> P005 -> P007 -> P004 for viva cycle detection demo.
P005,Query Optimization,Yannis E. Ioannidis,"University of Wisconsin, Madison",1996,10.1145/234313.234367,ACM Computing Surveys,journal,1996,query optimization; search space; cost models; relational algebra; dynamic programming; randomized algorithms,"Given a query, there are many access plans that a database management system can follow to process it and produce its answer. All plans are equivalent in terms of final output but vary drastically in cost. This survey outlines the primary components of modern query optimizers: the search space of algebraic expressions, cost estimation models, and search algorithms including dynamic programming and randomized heuristics.",TPC-D; Wisconsin Benchmark,decision support benchmarking,Survey and Classification; Comparative Analysis,Qualitative; Analytical,P002;P007,3,English,ACM,0360-0300,Query Optimization in Database Systems Ioannidis.pdf,data/Query Optimization in Database Systems Ioannidis.pdf,182,https://scholar.google.com/scholar?q=Query+Optimization+in+Database+Systems+Ioannidis,2026-09-14,Part of planted citation cycle P004 -> P005 -> P007 -> P004.
P006,Modern B-Tree Techniques,Goetz Graefe,Hewlett-Packard Laboratories,2011,10.1561/1900000028,Foundations and Trends in Databases,journal,2011,B-trees; indexing; access methods; concurrency control; logging; query processing,"Modern B-Tree Techniques summarizes the state of the art in B-tree implementation, focusing on scalable concurrency control, high-performance latching, transactional logging, cache-conscious node sizing, prefix and suffix compression, and efficient support for batch insertions and index maintenance in contemporary database architectures.",TPC-C; TPC-E,OLTP benchmarking,Survey; Systems Architecture Analysis,Systems; Comprehensive Review,P002;P003;P004,23,English,now Publishers,1931-7883,A Survey of B-Tree and Hashing Techniques database.pdf,data/A Survey of B-Tree and Hashing Techniques database.pdf,206,https://scholar.google.com/scholar?q=A+Survey+of+B-Tree+and+Hashing+Techniques+database,2026-09-14,"Authored by Goetz Graefe, sharing authorship with Volcano (P004)."
P007,Towards a Robust Query Optimizer: A Principled and Practical Approach,Brian Babcock; Surajit Chaudhuri,Stanford University; Microsoft Research,2005,10.1145/1066157.1066172,ACM SIGMOD Conference on Management of Data,conference,2005,robust query optimization; risk management; cardinality estimation; plan choice; error estimation,"Research on query optimization has focused almost exclusively on reducing query execution time, while qualities such as consistency and predictability have largely been ignored. We explore how query optimization can be made more robust, focusing on minimizing risk caused by estimation errors in cardinality. We present formal models and practical algorithms that choose robust execution plans.",TPC-H; Microsoft Production Telemetry,decision support benchmarking; commercial workloads,Empirical Benchmarking; Statistical Modeling,Quantitative; Empirical,P004,12,English,ACM,0730-8078,Towards a robust query optimizer a principled and practical approach.pdf,data/Towards a robust query optimizer a principled and practical approach.pdf,538,https://scholar.google.com/scholar?q=Towards+a+robust+query+optimizer+a+principled+and+practical+approach,2026-09-14,Completes planted cycle P004 -> P005 -> P007 -> P004.
P008,The R*-tree: An Efficient and Robust Access Method for Points and Rectangles,Norbert Beckmann; Hans-Peter Kriegel; Ralf Schneider; Bernhard Seeger,University of Bremen; University of Bremen; University of Bremen; University of Bremen,1990,10.1145/93597.98741,ACM SIGMOD Conference on Management of Data,conference,1990,R*-tree; spatial indexing; multidimensional access methods; bounding rectangles; range query; nearest neighbor,"The R-tree, one of the most popular access methods for rectangles, is based on heuristic optimization of the area of the enclosing rectangle in each inner node. We present the R*-tree which incorporates a combined optimization of area, margin, and overlap of each enclosing rectangle in the directory. Exhaustive experiments demonstrate performance gains up to 50 percent for spatial queries.",Synthetic Spatial Rectangles; Geographic Coordinates,spatial geometry; GIS benchmarks,Empirical Benchmarking; Algorithmic Optimization,Quantitative; Systems,P001;P002,10,English,ACM,0730-8078,The R-Tree An Efficient and Robust Access Method.pdf,data/The R-Tree An Efficient and Robust Access Method.pdf,1116,https://scholar.google.com/scholar?q=The+R*-Tree+An+Efficient+and+Robust+Access+Method,2026-09-14,Classic multidimensional spatial index structure.
P009,A Survey of Top-k Query Processing Techniques in Relational Database Systems,Ihab F. Ilyas; George Beskales; Mohamed A. Soliman,University of Waterloo; University of Waterloo; University of Waterloo,2008,10.1145/1391729.1391730,ACM Computing Surveys,journal,2008,top-k; query processing; rank-aware processing; relational databases; scoring functions,"Efficient processing of top-k queries is a crucial requirement in many interactive environments involving massive data. In this survey, we classify top-k processing techniques in relational databases across query models, access methods, implementation levels, data certainty, and supported scoring functions, contrasting rank-aware query operators with traditional relational operators.",TPC-H; Synthetic Preference Benchmarks,decision support; relational benchmarks,Taxonomy Classification; Comparative Analysis,Analytical; Systematic Review,P002;P004;P005;P008,58,English,ACM,0360-0300,A Survey of Top-k Query Processing Techniques.pdf,data/A Survey of Top-k Query Processing Techniques.pdf,1974,https://scholar.google.com/scholar?q=A+survey+of+top-k+query+processing+techniques+in+relational+database+systems,2026-09-14,Comprehensive survey bridging index access and query ranking.
P010,The Google File System,Sanjay Ghemawat; Howard Gobioff; Shun-Tak Leung,"Google, Inc.; Google, Inc.; Google, Inc.",2003,10.1145/945445.945450,ACM Symposium on Operating Systems Principles,conference,2003,Google File System; distributed file system; chunkserver; fault tolerance; high throughput; append-only,"We have designed and implemented the Google File System, a scalable distributed file system for large distributed data-intensive applications. It provides fault tolerance while running on inexpensive commodity hardware, and it delivers high aggregate performance to a large number of clients. The design reflects a marked departure from earlier file system assumptions by optimizing for large streaming reads and concurrent appends.",Google Production Clusters Workload,distributed web-scale telemetry,System Architecture; Empirical Measurement,Systems; Experimental,,15,English,ACM,0163-5980,The Google File System.pdf,data/The Google File System.pdf,269,https://scholar.google.com/scholar?q=The+Google+File+System,2026-09-14,Underlying storage foundation for MapReduce and Bigtable.
P011,MapReduce: Simplified Data Processing on Large Clusters,Jeffrey Dean; Sanjay Ghemawat,"Google, Inc.; Google, Inc.",2004,10.1145/1327452.1327492,USENIX Symposium on Operating Systems Design and Implementation,conference,2004,MapReduce; parallel processing; fault tolerance; cluster computing; large-scale data; distributed systems,"MapReduce is a programming model and an associated implementation for processing and generating large data sets. Users specify a map function that processes a key/value pair to generate a set of intermediate key/value pairs, and a reduce function that merges all intermediate values associated with the same intermediate key. The run-time system automatically parallelizes execution across large clusters and handles machine failures.",Google Web Indexing Pipeline; Terabyte Sort Benchmark,web search indexing; distributed sorting,Programming Paradigm; Empirical Validation,Systems; Experimental,P010,7,English,USENIX,1813-6710,MapReduce Simplified Data Processing on Large Clusters.pdf,data/MapReduce Simplified Data Processing on Large Clusters.pdf,233,https://scholar.google.com/scholar?q=MapReduce+Simplified+Data+Processing+on+Large+Clusters,2026-09-14,"Co-authored by Sanjay Ghemawat, linking directly with GFS (P010) and Bigtable (P012)."
P012,Bigtable: A Distributed Storage System for Structured Data,Fay Chang; Jeffrey Dean; Sanjay Ghemawat; Wilson C. Hsieh; Deborah A. Wallach; Mike Burrows; Tushar Chandra; Andrew Fikes; Robert E. Gruber,"Google, Inc.; Google, Inc.; Google, Inc.; Google, Inc.; Google, Inc.; Google, Inc.; Google, Inc.; Google, Inc.; Google, Inc.",2006,10.1145/1365815.1365816,USENIX Symposium on Operating Systems Design and Implementation,conference,2006,distributed storage; Bigtable; SSTable; tablets; Google File System; scalability,"Bigtable is a distributed storage system for managing structured data that is designed to scale to a very large size: petabytes of data across thousands of commodity servers. Bigtable does not support a full relational model; rather, it provides clients with a simple data model that supports dynamic control over data layout and format, utilizing GFS for log and data storage.",Google Analytics; Google Earth; Orkut; Crawled Web Tables,geospatial telemetry; web analytics; social graph,System Design; Production Deployment Analysis,Systems; Empirical,P010;P011,26,English,USENIX,1813-6710,Bigtable A Distributed Storage System for Structured Data.pdf,data/Bigtable A Distributed Storage System for Structured Data.pdf,294,https://scholar.google.com/scholar?q=Bigtable+A+Distributed+Storage+System+for+Structured+Data,2026-09-14,Distributed NoSQL columnar storage built on GFS.
P013,Dremel: Interactive Analysis of Web-Scale Datasets,Sergey Melnik; Andrey Gubarev; Jing Jing Long; Geoffrey Romer; Shiva Shivakumar; Matt Tolton; Theo Vassilakis,"Google, Inc.; Google, Inc.; Google, Inc.; Google, Inc.; Google, Inc.; Google, Inc.; Google, Inc.",2010,10.14778/1920841.1920886,Proceedings of the VLDB Endowment,conference,2010,nested columnar storage; interactive query; distributed aggregation; web-scale data; Dremel; SQL on Big Data,"Dremel is a scalable, interactive ad-hoc query system for analysis of read-only nested data. By combining multi-level execution trees and a columnar representation for nested records, it runs aggregation queries over petabyte-scale datasets in seconds. The system scales to thousands of CPUs and petabytes of user data, complementing MapReduce-based batch computation.",Google Web Spam Telemetry; Google Search Logs,web security; search engine telemetry,Columnar Data Modeling; Distributed Execution Tree,Systems; Algorithmic,P010;P011;P012,10,English,VLDB Endowment,2150-8097,Dremel Interactive Analysis of Web-Scale Datasets.pdf,data/Dremel Interactive Analysis of Web-Scale Datasets.pdf,1222,https://scholar.google.com/scholar?q=Dremel+Interactive+Analysis+of+Web-Scale+Datasets,2026-09-14,"Foundation for BigQuery and Apache Drill, downstream citer in Google distributed stack."
P014,Inverted Indexes for Phrases and Strings,Manish Patil; Sharma V. Thankachan; Rahul Shah; Wing-Kai Hon; Jeffrey Scott Vitter; Sabrina Chandrasekaran,Louisiana State University; Louisiana State University; Louisiana State University; National Tsing Hua University; The University of Kansas; Louisiana State University,2011,10.1145/2009916.2010058,ACM SIGIR Conference on Research and Development in Information Retrieval,conference,2011,inverted index; phrase search; string search; index compression; suffix trees; text retrieval,"Inverted indexes are fundamental data structures in information retrieval. For each unique word occurring in a document collection, the inverted index stores a list of document occurrences. In terms of string documents where word boundaries are undefined or for phrase queries, standard indexes incur quadratic storage or redundancy. We introduce inverted indexes that work naturally and compactly for strings and phrase search.",Pizza and Chili Corpus; TREC Disks 4 and 5,text compression benchmarks; news text,Data Structure Engineering; Complexity Proof,Algorithmic; Theoretical,,10,English,ACM,0163-5840,Inverted Indexes for Text Search.pdf,data/Inverted Indexes for Text Search.pdf,634,https://scholar.google.com/scholar?q=Inverted+Indexes+for+Text+Search,2026-09-14,Core text search index structure for full-text queries.
P015,Information Retrieval: Recent Advances and Beyond,Kailash A. Hambarde; Hugo Proença,University of Beira Interior; University of Beira Interior,2023,10.1109/ACCESS.2023.3295776,IEEE Access,journal,2023,information retrieval; deep learning; neural search; inverted indexing; transformer models; dense retrieval,"Information retrieval has witnessed profound transformation from classical lexical inverted index architectures to modern neural rankers and dense vector representations. This survey systematically reviews recent advances in text retrieval, query expansion, neural passage ranking, multilingual search, and multimodal integration, discussing open challenges in efficiency and scalability.",MS MARCO; TREC Deep Learning; BEIR Benchmark,neural passage retrieval; benchmark evaluations,Survey; Comparative Empirical Synthesis,Analytical; Systematic Review,P014,24,English,IEEE,2169-3536,Information_Retrieval_Recent_Advances_and_Beyond.pdf,data/Information_Retrieval_Recent_Advances_and_Beyond.pdf,3534,https://scholar.google.com/scholar?q=Information+Retrieval+A+Survey+Manning,2026-09-14,Comprehensive modern survey connecting classical IR to dense retrieval.
P016,Managing and Mining Graph Data,Charu C. Aggarwal; Haixun Wang,IBM T. J. Watson Research Center; Microsoft Research Asia,2010,10.1007/978-1-4419-6045-0,Springer Advances in Database Systems,book,2010,graph databases; graph mining; subgraph isomorphism; random walks; social networks; graph indexing,"Managing and Mining Graph Data provides an in-depth synthesis of database management and mining techniques for interconnected graph structures. Topics include graph database models, indexing semi-structured graph queries, dense subgraph discovery, graph classification, random walks, biological network analysis, and social network mining algorithms.",Enron Email Corpus; DBLP Co-authorship Graph; Protein-Protein Interaction Networks,social network analysis; bibliometrics; bioinformatics,Book Treatise; Theoretical and Practical Synthesis,Algorithmic; Comprehensive Synthesis,,10,English,Springer,1571-5736,Managing and Mining Graph Data.pdf,data/Managing and Mining Graph Data.pdf,1215,https://scholar.google.com/scholar?q=Managing+and+Mining+Graph+Data,2026-09-14,Foundational textbook on graph database indexing and graph analytics.
P017,The Human Disease Network,Kwang-Il Goh; Michael E. Cusick; David Valle; Barton Childs; Marc Vidal; Albert-László Barabási,University of Notre Dame; Dana-Farber Cancer Institute; Johns Hopkins University School of Medicine; Johns Hopkins University School of Medicine; Harvard Medical School; University of Notre Dame,2007,10.1073/pnas.0701361104,Proceedings of the National Academy of Sciences,journal,2007,complex networks; bipartite graph; disease phenome; disease genes; human interactome; network medicine,"A network of disorders and disease genes linked by known disorder-gene associations offers a platform to explore in a single graph-theoretic framework all known phenotype and disease gene associations. We construct a bipartite graph linking genetic disorders with their associated causal genes, revealing shared genetic origins and disease-specific functional modules in the human interactome.",Online Mendelian Inheritance in Man; Human Interactome Network,biomedical genetics; phenotype-genotype graphs,Bipartite Network Projection; Topological Analysis,Quantitative; Empirical Graph Modeling,P016,6,English,PNAS,0027-8424,The Graph of Human Disease and Genetic Associations.pdf,data/The Graph of Human Disease and Genetic Associations.pdf,678,https://scholar.google.com/scholar?q=The+Graph+of+Human+Disease+and+Genetic+Associations,2026-09-14,Landmark application of bipartite graph projection in biomedicine.
P018,YAGO: A Core of Semantic Knowledge Unifying WordNet and Wikipedia,Fabian M. Suchanek; Gjergji Kasneci; Gerhard Weikum,Max-Planck-Institut für Informatik; Max-Planck-Institut für Informatik; Max-Planck-Institut für Informatik,2007,10.1145/1242572.1242667,International World Wide Web Conference,conference,2007,knowledge base; semantic web; YAGO; ontology; Wikipedia; WordNet; information extraction,"We present YAGO, a large and extensible knowledge base with high precision. YAGO integrates the clean taxonomic backbone of WordNet with the broad coverage of Wikipedia entities and categories, yielding more than 1 million entities and 5 million facts represented as relational facts with 95 percent accuracy, formally defined with an expressive yet decidable logic model.",WordNet 3.0; English Wikipedia Dump,lexical ontology; collaborative encyclopedia,Information Extraction; Rule-Based Taxonomy Alignment,Knowledge Engineering; Algorithmic,P001;P016,10,English,ACM,1-59593-654-7,YAGO A Core of Semantic Knowledge.pdf,data/YAGO A Core of Semantic Knowledge.pdf,217,https://scholar.google.com/scholar?q=YAGO+A+Core+of+Semantic+Knowledge,2026-09-14,Seminal knowledge graph unifying entities with relational facts.
